BarID,Days,Open,Close
0,1111111,14:00,1:00
1,1111111,13:00,0:00
2,1111111,13:00,0:00
3,1111111,15:00,20:00
4,1111111,15:00,22:00
5,1111111,15:00,0:00
6,1111111,12:00,0:00
7,1111111,13:00,0:00
8,1111111,11:00,1:00
9,1111111,12:00,0:00
10,1111111,10:00,22:00
11,1111111,11:00,21:00
12,1111111,13:00,1:00
13,1111111,11:00,21:00
14,1111111,15:00,2:00
15,1111111,15:00,23:00
16,1111111,11:00,22:00
17,1111111,13:00,23:00
18,1111111,11:00,22:00
19,1111111,13:00,20:00
20,1111111,11:00,23:00
21,1111111,12:00,0:00
22,1111111,10:00,22:00
23,1111111,14:00,22:00
24,1111111,11:00,20:00
25,1111111,13:00,1:00
26,1111111,10:00,20:00
27,1111111,13:00,1:00
28,1111111,12:00,21:00
29,1111111,13:00,2:00
30,1111111,14:00,23:00
31,1111111,12:00,22:00
32,1111111,14:00,1:00
33,1111111,10:00,23:00
34,1111111,13:00,0:00
35,1111111,13:00,22:00
36,1111111,11:00,23:00
37,1111111,13:00,22:00
38,1111111,14:00,0:00
39,1111111,14:00,0:00
40,1111111,12:00,1:00
41,1111111,14:00,2:00
42,1111111,13:00,0:00
43,1111111,12:00,22:00
44,1111111,11:00,22:00
45,1111111,11:00,20:00
46,1111111,12:00,22:00
47,1111111,14:00,22:00
48,1111111,12:00,2:00
49,1111111,10:00,2:00
50,1111111,13:00,22:00
51,1111111,14:00,23:00
52,1111111,14:00,23:00
53,1111111,13:00,23:00
54,1111111,14:00,23:00
55,1111111,10:00,22:00
56,1111111,13:00,1:00
57,1111111,10:00,0:00
58,1111111,12:00,0:00
59,1111111,14:00,1:00
60,1111111,11:00,0:00
61,1111111,13:00,0:00
62,1111111,13:00,0:00
63,1111111,11:00,2:00
64,1111111,15:00,23:00
65,1111111,15:00,22:00
66,1111111,12:00,0:00
67,1111111,13:00,23:00
68,1111111,14:00,0:00
69,1111111,11:00,0:00
70,1111111,13:00,1:00
71,1111111,14:00,23:00
72,1111111,15:00,21:00
73,1111111,13:00,21:00
74,1111111,13:00,22:00
75,1111111,12:00,0:00
76,1111111,15:00,0:00
77,1111111,10:00,1:00
78,1111111,10:00,0:00
79,1111111,14:00,0:00
80,1111111,15:00,21:00
81,1111111,14:00,22:00
82,1111111,14:00,0:00
83,1111111,15:00,21:00
84,1111111,13:00,23:00
85,1111111,13:00,22:00
86,1111111,14:00,22:00
87,1111111,13:00,23:00
88,1111111,12:00,23:00
89,1111111,13:00,22:00
90,1111111,13:00,0:00
91,1111111,13:00,0:00
92,1111111,13:00,0:00
93,1111111,13:00,20:00
94,1111111,11:00,21:00
95,1111111,14:00,2:00
96,1111111,11:00,0:00
97,1111111,13:00,0:00
98,1111111,14:00,21:00
99,1111111,10:00,0:00
100,1111111,11:00,1:00
101,1111111,14:00,0:00
102,1111111,14:00,20:00
103,1111111,13:00,23:00
104,1111111,12:00,20:00
105,1111111,12:00,21:00
106,1111111,11:00,0:00
107,1111111,13:00,22:00
108,1111111,11:00,2:00
109,1111111,12:00,1:00
110,1111111,10:00,1:00
111,1111111,15:00,21:00
112,1111111,13:00,23:00
113,1111111,12:00,22:00
114,1111111,14:00,22:00
115,1111111,10:00,0:00
116,1111111,14:00,0:00
117,1111111,10:00,23:00
118,1111111,11:00,23:00
119,1111111,13:00,1:00
120,1111111,13:00,23:00
121,1111111,13:00,22:00
122,1111111,14:00,22:00
123,1111111,13:00,1:00
124,1111111,12:00,23:00
125,1111111,13:00,22:00
126,1111111,13:00,22:00
127,1111111,13:00,22:00
128,1111111,12:00,22:00
129,1111111,11:00,23:00
130,1111111,14:00,2:00
131,1111111,13:00,1:00
132,1111111,13:00,22:00
133,1111111,12:00,0:00
134,1111111,12:00,22:00
135,1111111,12:00,0:00
136,1111111,11:00,0:00
137,1111111,13:00,23:00
138,1111111,11:00,22:00
139,1111111,11:00,0:00
140,1111111,12:00,0:00
141,1111111,14:00,0:00
142,1111111,14:00,23:00
143,1111111,12:00,21:00
144,1111111,12:00,0:00
145,1111111,12:00,0:00
146,1111111,15:00,22:00
147,1111111,12:00,0:00
148,1111111,10:00,23:00
149,1111111,13:00,1:00
150,1111111,13:00,0:00
151,1111111,13:00,0:00
152,1111111,10:00,23:00
153,1111111,12:00,2:00
154,1111111,11:00,0:00
155,1111111,13:00,23:00
156,1111111,15:00,0:00
157,1111111,11:00,20:00
158,1111111,12:00,0:00
159,1111111,13:00,23:00
160,1111111,14:00,1:00
161,1111111,11:00,23:00
162,1111111,11:00,22:00
163,1111111,13:00,21:00
164,1111111,11:00,20:00
165,1111111,12:00,23:00
166,1111111,11:00,1:00
167,1111111,10:00,0:00
168,1111111,12:00,20:00
169,1111111,12:00,21:00
170,1111111,13:00,20:00
171,1111111,12:00,21:00
172,1111111,15:00,2:00
173,1111111,15:00,20:00
174,1111111,12:00,0:00
175,1111111,12:00,21:00
176,1111111,14:00,0:00
177,1111111,11:00,22:00
178,1111111,12:00,21:00
179,1111111,15:00,2:00
180,1111111,14:00,0:00
181,1111111,13:00,1:00
182,1111111,10:00,20:00
183,1111111,14:00,22:00
184,1111111,10:00,2:00
185,1111111,12:00,0:00
186,1111111,12:00,2:00
187,1111111,11:00,23:00
188,1111111,15:00,1:00
189,1111111,14:00,0:00
190,1111111,14:00,22:00
191,1111111,13:00,0:00
192,1111111,12:00,1:00
193,1111111,11:00,0:00
194,1111111,12:00,21:00
195,1111111,13:00,22:00
196,1111111,12:00,20:00
197,1111111,13:00,1:00
198,1111111,10:00,22:00
199,1111111,13:00,0:00
200,1111111,13:00,0:00
201,1111111,11:00,1:00
202,1111111,15:00,21:00
203,1111111,13:00,23:00
204,1111111,14:00,0:00
205,1111111,10:00,22:00
206,1111111,13:00,0:00
207,1111111,11:00,20:00
208,1111111,12:00,23:00
209,1111111,11:00,0:00
210,1111111,13:00,23:00
211,1111111,13:00,21:00
212,1111111,14:00,23:00
213,1111111,11:00,0:00
214,1111111,13:00,22:00
215,1111111,13:00,1:00
216,1111111,14:00,23:00
217,1111111,13:00,23:00
218,1111111,12:00,23:00
219,1111111,10:00,1:00
220,1111111,12:00,20:00
221,1111111,15:00,21:00
222,1111111,15:00,20:00
223,1111111,14:00,1:00
224,1111111,10:00,22:00
225,1111111,11:00,22:00
226,1111111,13:00,23:00
227,1111111,13:00,21:00
228,1111111,13:00,2:00
229,1111111,13:00,0:00
230,1111111,14:00,23:00
231,1111111,10:00,0:00
232,1111111,15:00,0:00
233,1111111,12:00,21:00
234,1111111,12:00,1:00
235,1111111,12:00,0:00
236,1111111,14:00,22:00
237,1111111,13:00,23:00
238,1111111,11:00,0:00
239,1111111,14:00,0:00
240,1111111,10:00,20:00
241,1111111,14:00,23:00
242,1111111,14:00,23:00
243,1111111,11:00,22:00
244,1111111,11:00,20:00
245,1111111,11:00,0:00
246,1111111,12:00,22:00
247,1111111,14:00,23:00
248,1111111,12:00,1:00
249,1111111,11:00,22:00
250,1111111,12:00,23:00
251,1111111,13:00,22:00
252,1111111,13:00,22:00
253,1111111,13:00,23:00
254,1111111,12:00,21:00
255,1111111,11:00,20:00
256,1111111,12:00,21:00
257,1111111,13:00,1:00
258,1111111,10:00,0:00
259,1111111,11:00,21:00
260,1111111,11:00,1:00
261,1111111,13:00,2:00
262,1111111,13:00,23:00
263,1111111,14:00,21:00
264,1111111,14:00,22:00
265,1111111,12:00,23:00
266,1111111,15:00,21:00
267,1111111,13:00,21:00
268,1111111,13:00,0:00
269,1111111,12:00,23:00
270,1111111,11:00,20:00
271,1111111,11:00,0:00
272,1111111,11:00,0:00
273,1111111,13:00,0:00
274,1111111,10:00,0:00
275,1111111,14:00,1:00
276,1111111,14:00,23:00
277,1111111,12:00,0:00
278,1111111,14:00,22:00
279,1111111,13:00,22:00
280,1111111,11:00,0:00
281,1111111,13:00,2:00
282,1111111,12:00,21:00
283,1111111,15:00,23:00
284,1111111,12:00,22:00
285,1111111,14:00,21:00
286,1111111,13:00,1:00
287,1111111,11:00,22:00
288,1111111,12:00,2:00
289,1111111,13:00,1:00
290,1111111,13:00,2:00
291,1111111,12:00,23:00
292,1111111,11:00,0:00
293,1111111,14:00,0:00
294,1111111,13:00,0:00
295,1111111,12:00,2:00
296,1111111,12:00,2:00
297,1111111,11:00,0:00
298,1111111,15:00,22:00
299,1111111,13:00,23:00
300,1111111,12:00,23:00
301,1111111,14:00,23:00
302,1111111,14:00,2:00
303,1111111,12:00,2:00
304,1111111,12:00,0:00
305,1111111,14:00,23:00
306,1111111,10:00,22:00
307,1111111,11:00,23:00
308,1111111,12:00,22:00
309,1111111,13:00,23:00
310,1111111,14:00,1:00
311,1111111,10:00,0:00
312,1111111,12:00,0:00
313,1111111,14:00,22:00
314,1111111,13:00,22:00
315,1111111,14:00,0:00
316,1111111,13:00,23:00
317,1111111,12:00,23:00
318,1111111,15:00,22:00
319,1111111,12:00,20:00
320,1111111,11:00,23:00
321,1111111,13:00,0:00
322,1111111,11:00,21:00
323,1111111,11:00,22:00
324,1111111,14:00,23:00
325,1111111,14:00,1:00
326,1111111,13:00,1:00
327,1111111,11:00,0:00
328,1111111,12:00,21:00
329,1111111,12:00,23:00
330,1111111,12:00,2:00
331,1111111,13:00,0:00
332,1111111,11:00,0:00
333,1111111,11:00,21:00
334,1111111,12:00,1:00
335,1111111,11:00,22:00
336,1111111,14:00,1:00
337,1111111,11:00,22:00
338,1111111,15:00,21:00
339,1111111,12:00,0:00
340,1111111,14:00,0:00
341,1111111,11:00,0:00
342,1111111,12:00,0:00
343,1111111,13:00,0:00
344,1111111,12:00,2:00
345,1111111,10:00,0:00
346,1111111,12:00,23:00
347,1111111,13:00,23:00
348,1111111,11:00,2:00
349,1111111,10:00,1:00
350,1111111,11:00,23:00
351,1111111,13:00,0:00
352,1111111,13:00,20:00
353,1111111,14:00,0:00
354,1111111,10:00,22:00
355,1111111,12:00,23:00
356,1111111,12:00,20:00
357,1111111,11:00,23:00
358,1111111,12:00,22:00
359,1111111,13:00,0:00
360,1111111,13:00,21:00
361,1111111,15:00,22:00
362,1111111,12:00,0:00
363,1111111,10:00,21:00
364,1111111,14:00,21:00
365,1111111,13:00,20:00
366,1111111,13:00,21:00
367,1111111,12:00,0:00
368,1111111,11:00,0:00
369,1111111,12:00,21:00
370,1111111,15:00,22:00
371,1111111,12:00,0:00
372,1111111,13:00,21:00
373,1111111,13:00,2:00
374,1111111,12:00,0:00
375,1111111,14:00,22:00
376,1111111,13:00,0:00
377,1111111,11:00,22:00
378,1111111,11:00,23:00
379,1111111,14:00,0:00
380,1111111,11:00,23:00
381,1111111,14:00,0:00
382,1111111,13:00,1:00
383,1111111,11:00,0:00
384,1111111,13:00,1:00
385,1111111,12:00,22:00
386,1111111,14:00,1:00
387,1111111,12:00,23:00
388,1111111,14:00,0:00
389,1111111,12:00,22:00
390,1111111,13:00,0:00
391,1111111,13:00,22:00
392,1111111,14:00,0:00
393,1111111,13:00,22:00
394,1111111,13:00,23:00
395,1111111,13:00,22:00
396,1111111,12:00,0:00
397,1111111,13:00,21:00
398,1111111,14:00,22:00
399,1111111,11:00,22:00
400,1111111,12:00,1:00
401,1111111,14:00,1:00
402,1111111,14:00,23:00
403,1111111,13:00,20:00
404,1111111,12:00,22:00
405,1111111,15:00,0:00
406,1111111,13:00,0:00
407,1111111,11:00,2:00
408,1111111,11:00,23:00
409,1111111,12:00,0:00
410,1111111,11:00,0:00
411,1111111,12:00,22:00
412,1111111,13:00,0:00
413,1111111,12:00,0:00
414,1111111,10:00,23:00
415,1111111,12:00,2:00
416,1111111,13:00,23:00
417,1111111,12:00,22:00
418,1111111,12:00,0:00
419,1111111,12:00,0:00
420,1111111,11:00,21:00
421,1111111,12:00,20:00
422,1111111,13:00,23:00
423,1111111,14:00,23:00
424,1111111,14:00,21:00
425,1111111,12:00,0:00
426,1111111,11:00,22:00
427,1111111,11:00,21:00
428,1111111,14:00,21:00
429,1111111,12:00,22:00
430,1111111,13:00,2:00
431,1111111,10:00,22:00
432,1111111,13:00,1:00
433,1111111,11:00,20:00
434,1111111,15:00,22:00
435,1111111,13:00,23:00
436,1111111,13:00,22:00
437,1111111,11:00,22:00
438,1111111,12:00,21:00
439,1111111,14:00,22:00
440,1111111,12:00,22:00
441,1111111,10:00,21:00
442,1111111,12:00,23:00
443,1111111,12:00,0:00
444,1111111,14:00,23:00
445,1111111,12:00,23:00
446,1111111,14:00,22:00
447,1111111,15:00,2:00
448,1111111,11:00,0:00
449,1111111,12:00,1:00
450,1111111,11:00,23:00
451,1111111,15:00,22:00
452,1111111,14:00,22:00
453,1111111,13:00,22:00
454,1111111,11:00,22:00
455,1111111,13:00,0:00
456,1111111,12:00,23:00
457,1111111,10:00,23:00
458,1111111,12:00,21:00
459,1111111,12:00,21:00
460,1111111,14:00,21:00
461,1111111,12:00,22:00
462,1111111,12:00,0:00
463,1111111,15:00,0:00
464,1111111,12:00,0:00
465,1111111,13:00,1:00
466,1111111,14:00,0:00
467,1111111,14:00,23:00
468,1111111,12:00,22:00
469,1111111,12:00,21:00
470,1111111,14:00,21:00
471,1111111,12:00,22:00
472,1111111,15:00,0:00
473,1111111,14:00,0:00
474,1111111,14:00,23:00
475,1111111,14:00,23:00
476,1111111,13:00,22:00
477,1111111,11:00,22:00
478,1111111,13:00,21:00
479,1111111,11:00,1:00
480,1111111,11:00,0:00
481,1111111,14:00,0:00
482,1111111,11:00,23:00
483,1111111,12:00,2:00
484,1111111,12:00,0:00
485,1111111,12:00,2:00
486,1111111,12:00,23:00
487,1111111,13:00,22:00
488,1111111,12:00,1:00
489,1111111,14:00,23:00
490,1111111,15:00,2:00
491,1111111,13:00,23:00
492,1111111,13:00,0:00
493,1111111,12:00,23:00
494,1111111,11:00,21:00
495,1111111,13:00,0:00
496,1111111,11:00,22:00
497,1111111,12:00,22:00
498,1111111,10:00,21:00
499,1111111,13:00,22:00
500,1111111,11:00,22:00
501,1111111,11:00,21:00
502,1111111,12:00,0:00
503,1111111,13:00,23:00
504,1111111,13:00,20:00
505,1111111,11:00,23:00
506,1111111,12:00,22:00
507,1111111,13:00,1:00
508,1111111,12:00,23:00
509,1111111,11:00,0:00
510,1111111,12:00,21:00
511,1111111,12:00,23:00
512,1111111,12:00,1:00
513,1111111,11:00,21:00
514,1111111,13:00,23:00
515,1111111,11:00,1:00
516,1111111,11:00,1:00
517,1111111,14:00,20:00
518,1111111,11:00,22:00
519,1111111,14:00,22:00
520,1111111,12:00,0:00
521,1111111,12:00,22:00
522,1111111,14:00,23:00
523,1111111,14:00,21:00
524,1111111,12:00,2:00
525,1111111,12:00,21:00
526,1111111,13:00,1:00
527,1111111,12:00,22:00
528,1111111,13:00,0:00
529,1111111,12:00,23:00
530,1111111,11:00,21:00
531,1111111,12:00,1:00
532,1111111,11:00,22:00
533,1111111,13:00,22:00
534,1111111,11:00,23:00
535,1111111,13:00,1:00
536,1111111,11:00,21:00
537,1111111,15:00,23:00
538,1111111,11:00,21:00
539,1111111,13:00,22:00
540,1111111,12:00,0:00
541,1111111,11:00,1:00
542,1111111,14:00,22:00
543,1111111,15:00,22:00
544,1111111,11:00,0:00
545,1111111,15:00,22:00
546,1111111,10:00,0:00
547,1111111,15:00,23:00
548,1111111,14:00,1:00
549,1111111,12:00,0:00
550,1111111,12:00,0:00
551,1111111,11:00,21:00
552,1111111,13:00,0:00
553,1111111,13:00,0:00
554,1111111,12:00,22:00
555,1111111,14:00,23:00
556,1111111,11:00,0:00
557,1111111,12:00,22:00
558,1111111,11:00,23:00
559,1111111,13:00,2:00
560,1111111,15:00,22:00
561,1111111,12:00,21:00
562,1111111,14:00,22:00
563,1111111,11:00,1:00
564,1111111,13:00,1:00
565,1111111,10:00,21:00
566,1111111,13:00,0:00
567,1111111,10:00,1:00
568,1111111,15:00,22:00
569,1111111,14:00,0:00
570,1111111,15:00,22:00
571,1111111,15:00,0:00
572,1111111,12:00,21:00
573,1111111,10:00,20:00
574,1111111,12:00,20:00
575,1111111,13:00,2:00
576,1111111,12:00,0:00
577,1111111,14:00,0:00
578,1111111,13:00,22:00
579,1111111,13:00,22:00
580,1111111,12:00,22:00
581,1111111,13:00,0:00
582,1111111,12:00,20:00
583,1111111,11:00,1:00
584,1111111,13:00,22:00
585,1111111,13:00,22:00
586,1111111,10:00,23:00
587,1111111,13:00,22:00
588,1111111,14:00,23:00
589,1111111,13:00,23:00
590,1111111,14:00,1:00
591,1111111,13:00,21:00
592,1111111,13:00,0:00
593,1111111,11:00,20:00
594,1111111,13:00,0:00
595,1111111,12:00,23:00
596,1111111,12:00,2:00
597,1111111,13:00,23:00
598,1111111,14:00,2:00
599,1111111,14:00,23:00
600,1111111,11:00,22:00
601,1111111,13:00,0:00
602,1111111,12:00,23:00
603,1111111,12:00,2:00
604,1111111,13:00,20:00
605,1111111,12:00,23:00
606,1111111,13:00,0:00
607,1111111,15:00,22:00
608,1111111,13:00,0:00
609,1111111,12:00,1:00
610,1111111,12:00,21:00
611,1111111,11:00,23:00
612,1111111,13:00,0:00
613,1111111,12:00,21:00
614,1111111,12:00,2:00
615,1111111,12:00,23:00
616,1111111,15:00,0:00
617,1111111,11:00,23:00
618,1111111,13:00,23:00
619,1111111,13:00,22:00
620,1111111,13:00,22:00
621,1111111,11:00,0:00
622,1111111,13:00,22:00
623,1111111,12:00,23:00
624,1111111,14:00,23:00
625,1111111,15:00,1:00
626,1111111,12:00,1:00
627,1111111,15:00,21:00
628,1111111,13:00,0:00
629,1111111,12:00,21:00
630,1111111,11:00,2:00
631,1111111,14:00,22:00
632,1111111,12:00,2:00
633,1111111,10:00,22:00
634,1111111,13:00,22:00
635,1111111,13:00,0:00
636,1111111,14:00,0:00
637,1111111,13:00,23:00
638,1111111,13:00,23:00
639,1111111,11:00,21:00
640,1111111,12:00,22:00
641,1111111,12:00,0:00
642,1111111,10:00,21:00
643,1111111,10:00,22:00
644,1111111,14:00,2:00
645,1111111,10:00,21:00
646,1111111,10:00,22:00
647,1111111,10:00,2:00
648,1111111,12:00,23:00
649,1111111,12:00,0:00
650,1111111,12:00,23:00
651,1111111,13:00,22:00
652,1111111,11:00,0:00
653,1111111,12:00,1:00
654,1111111,13:00,21:00
655,1111111,14:00,21:00
656,1111111,11:00,0:00
657,1111111,13:00,21:00
658,1111111,14:00,2:00
659,1111111,11:00,0:00
660,1111111,15:00,23:00
661,1111111,11:00,22:00
662,1111111,13:00,1:00
663,1111111,13:00,0:00
664,1111111,12:00,0:00
665,1111111,14:00,0:00
666,1111111,10:00,2:00
667,1111111,12:00,23:00
668,1111111,14:00,21:00
669,1111111,15:00,23:00
670,1111111,13:00,0:00
671,1111111,12:00,23:00
672,1111111,14:00,0:00
673,1111111,15:00,2:00
674,1111111,14:00,0:00
675,1111111,10:00,0:00
676,1111111,13:00,0:00
677,1111111,14:00,21:00
678,1111111,13:00,23:00
679,1111111,12:00,0:00
680,1111111,13:00,0:00
681,1111111,11:00,22:00
682,1111111,13:00,22:00
683,1111111,12:00,0:00
684,1111111,13:00,0:00
685,1111111,15:00,22:00
686,1111111,11:00,1:00
687,1111111,13:00,21:00
688,1111111,14:00,21:00
689,1111111,13:00,23:00
690,1111111,11:00,2:00
691,1111111,13:00,23:00
692,1111111,12:00,21:00
693,1111111,13:00,22:00
694,1111111,10:00,22:00
695,1111111,14:00,20:00
696,1111111,11:00,23:00
697,1111111,15:00,0:00
698,1111111,11:00,21:00
699,1111111,11:00,0:00
700,1111111,15:00,0:00
701,1111111,11:00,23:00
702,1111111,11:00,1:00
703,1111111,15:00,23:00
704,1111111,15:00,23:00
705,1111111,13:00,1:00
706,1111111,13:00,22:00
707,1111111,11:00,1:00
708,1111111,12:00,2:00
709,1111111,13:00,20:00
710,1111111,14:00,21:00
711,1111111,14:00,23:00
712,1111111,15:00,21:00
713,1111111,12:00,21:00
714,1111111,12:00,0:00
715,1111111,13:00,0:00
716,1111111,13:00,23:00
717,1111111,13:00,1:00
718,1111111,12:00,2:00
719,1111111,11:00,0:00
720,1111111,13:00,23:00
721,1111111,13:00,2:00
722,1111111,13:00,21:00
723,1111111,13:00,22:00
724,1111111,12:00,2:00
725,1111111,12:00,22:00
726,1111111,13:00,23:00
727,1111111,13:00,23:00
728,1111111,15:00,23:00
729,1111111,14:00,21:00
730,1111111,13:00,0:00
731,1111111,12:00,21:00
732,1111111,13:00,23:00
733,1111111,11:00,1:00
734,1111111,12:00,22:00
735,1111111,14:00,2:00
736,1111111,13:00,0:00
737,1111111,14:00,23:00
738,1111111,11:00,22:00
739,1111111,12:00,23:00
740,1111111,12:00,23:00
741,1111111,13:00,22:00
742,1111111,12:00,2:00
743,1111111,13:00,21:00
744,1111111,11:00,22:00
745,1111111,12:00,22:00
746,1111111,12:00,21:00
747,1111111,12:00,2:00
748,1111111,14:00,21:00
749,1111111,12:00,20:00
750,1111111,11:00,21:00
751,1111111,13:00,21:00
752,1111111,14:00,21:00
753,1111111,12:00,22:00
754,1111111,14:00,0:00
755,1111111,13:00,22:00
756,1111111,12:00,1:00
757,1111111,12:00,21:00
758,1111111,12:00,0:00
759,1111111,14:00,1:00
760,1111111,11:00,20:00
761,1111111,14:00,1:00
762,1111111,12:00,21:00
763,1111111,13:00,21:00
764,1111111,14:00,0:00
765,1111111,14:00,22:00
766,1111111,14:00,23:00
767,1111111,14:00,2:00
768,1111111,13:00,0:00
769,1111111,11:00,0:00
770,1111111,13:00,21:00
771,1111111,12:00,2:00
772,1111111,13:00,21:00
773,1111111,12:00,22:00
774,1111111,12:00,22:00
775,1111111,12:00,22:00
776,1111111,12:00,1:00
777,1111111,12:00,1:00
778,1111111,12:00,1:00
779,1111111,10:00,23:00
780,1111111,13:00,21:00
781,1111111,11:00,0:00
782,1111111,13:00,23:00
783,1111111,14:00,23:00
784,1111111,14:00,21:00
785,1111111,14:00,22:00
786,1111111,12:00,20:00
787,1111111,11:00,23:00
788,1111111,12:00,20:00
789,1111111,14:00,0:00
790,1111111,14:00,20:00
791,1111111,13:00,20:00
792,1111111,10:00,21:00
793,1111111,12:00,23:00
794,1111111,10:00,22:00
795,1111111,14:00,22:00
796,1111111,11:00,22:00
797,1111111,12:00,0:00
798,1111111,14:00,21:00
799,1111111,12:00,0:00
800,1111111,11:00,20:00
801,1111111,11:00,23:00
802,1111111,11:00,0:00
803,1111111,11:00,23:00
804,1111111,12:00,1:00
805,1111111,14:00,22:00
806,1111111,10:00,1:00
807,1111111,13:00,2:00
808,1111111,10:00,0:00
809,1111111,11:00,21:00
810,1111111,12:00,1:00
811,1111111,13:00,23:00
812,1111111,14:00,0:00
813,1111111,14:00,22:00
814,1111111,11:00,23:00
815,1111111,11:00,1:00
816,1111111,12:00,21:00
817,1111111,11:00,22:00
818,1111111,11:00,0:00
819,1111111,11:00,22:00
820,1111111,12:00,23:00
821,1111111,13:00,21:00
822,1111111,12:00,23:00
823,1111111,12:00,22:00
824,1111111,13:00,2:00
825,1111111,11:00,23:00
826,1111111,13:00,0:00
827,1111111,15:00,0:00
828,1111111,12:00,21:00
829,1111111,14:00,2:00
830,1111111,12:00,0:00
831,1111111,13:00,23:00
832,1111111,13:00,21:00
833,1111111,11:00,23:00
834,1111111,12:00,1:00
835,1111111,12:00,21:00
836,1111111,12:00,1:00
837,1111111,14:00,22:00
838,1111111,11:00,0:00
839,1111111,14:00,20:00
840,1111111,12:00,22:00
841,1111111,14:00,22:00
842,1111111,13:00,1:00
843,1111111,13:00,0:00
844,1111111,13:00,22:00
845,1111111,13:00,21:00
846,1111111,11:00,22:00
847,1111111,14:00,23:00
848,1111111,11:00,23:00
849,1111111,10:00,23:00
850,1111111,12:00,2:00
851,1111111,15:00,22:00
852,1111111,15:00,20:00
853,1111111,14:00,1:00
854,1111111,12:00,1:00
855,1111111,12:00,23:00
856,1111111,11:00,0:00
857,1111111,11:00,22:00
858,1111111,11:00,21:00
859,1111111,14:00,23:00
860,1111111,12:00,0:00
861,1111111,12:00,23:00
862,1111111,12:00,20:00
863,1111111,11:00,2:00
864,1111111,13:00,23:00
865,1111111,13:00,1:00
866,1111111,11:00,23:00
867,1111111,13:00,2:00
868,1111111,12:00,23:00
869,1111111,13:00,0:00
870,1111111,11:00,1:00
871,1111111,11:00,23:00
872,1111111,12:00,1:00
873,1111111,14:00,0:00
874,1111111,14:00,23:00
875,1111111,12:00,2:00
876,1111111,12:00,2:00
877,1111111,13:00,23:00
878,1111111,13:00,22:00
879,1111111,11:00,23:00
880,1111111,10:00,0:00
881,1111111,12:00,1:00
882,1111111,14:00,23:00
883,1111111,14:00,1:00
884,1111111,15:00,0:00
885,1111111,12:00,0:00
886,1111111,10:00,23:00
887,1111111,13:00,21:00
888,1111111,11:00,0:00
889,1111111,13:00,1:00
890,1111111,11:00,23:00
891,1111111,15:00,2:00
892,1111111,13:00,23:00
893,1111111,11:00,0:00
894,1111111,12:00,0:00
895,1111111,12:00,22:00
896,1111111,10:00,22:00
897,1111111,15:00,23:00
898,1111111,15:00,21:00
899,1111111,12:00,0:00
900,1111111,11:00,23:00
901,1111111,10:00,23:00
902,1111111,13:00,23:00
903,1111111,12:00,23:00
904,1111111,13:00,22:00
905,1111111,12:00,1:00
906,1111111,14:00,23:00
907,1111111,11:00,0:00
908,1111111,12:00,23:00
909,1111111,14:00,23:00
910,1111111,14:00,21:00
911,1111111,14:00,22:00
912,1111111,13:00,23:00
913,1111111,13:00,22:00
914,1111111,12:00,23:00
915,1111111,13:00,23:00
916,1111111,11:00,0:00
917,1111111,11:00,21:00
918,1111111,13:00,0:00
919,1111111,11:00,22:00
920,1111111,10:00,22:00
921,1111111,11:00,2:00
922,1111111,11:00,0:00
923,1111111,10:00,23:00
924,1111111,13:00,1:00
925,1111111,11:00,0:00
926,1111111,13:00,2:00
927,1111111,12:00,21:00
928,1111111,13:00,22:00
929,1111111,12:00,21:00
930,1111111,14:00,23:00
931,1111111,15:00,0:00
932,1111111,13:00,23:00
933,1111111,11:00,0:00
934,1111111,13:00,21:00
935,1111111,12:00,21:00
936,1111111,10:00,23:00
937,1111111,12:00,21:00
938,1111111,13:00,22:00
939,1111111,14:00,22:00
940,1111111,13:00,22:00
941,1111111,13:00,21:00
942,1111111,11:00,2:00
943,1111111,14:00,23:00
944,1111111,11:00,1:00
945,1111111,11:00,21:00
946,1111111,14:00,22:00
947,1111111,14:00,20:00
948,1111111,13:00,0:00
949,1111111,14:00,1:00
950,1111111,12:00,23:00
951,1111111,12:00,20:00
952,1111111,15:00,1:00
953,1111111,12:00,22:00
954,1111111,13:00,0:00
955,1111111,11:00,21:00
956,1111111,10:00,23:00
957,1111111,14:00,1:00
958,1111111,10:00,0:00
959,1111111,14:00,1:00
960,1111111,14:00,23:00
961,1111111,13:00,1:00
962,1111111,11:00,0:00
963,1111111,10:00,0:00
964,1111111,12:00,20:00
965,1111111,12:00,23:00
966,1111111,15:00,20:00
967,1111111,12:00,21:00
968,1111111,14:00,21:00
969,1111111,12:00,22:00
970,1111111,11:00,0:00
971,1111111,12:00,0:00
972,1111111,13:00,22:00
973,1111111,12:00,1:00
974,1111111,11:00,20:00
975,1111111,13:00,20:00
976,1111111,13:00,23:00
977,1111111,15:00,23:00
978,1111111,13:00,22:00
979,1111111,14:00,2:00
980,1111111,11:00,2:00
981,1111111,13:00,21:00
982,1111111,15:00,22:00
983,1111111,11:00,21:00
984,1111111,14:00,23:00
985,1111111,10:00,1:00
986,1111111,12:00,0:00
987,1111111,14:00,1:00
988,1111111,12:00,22:00
989,1111111,14:00,0:00
990,1111111,12:00,1:00
991,1111111,11:00,23:00
992,1111111,12:00,0:00
993,1111111,12:00,23:00
994,1111111,13:00,23:00
995,1111111,15:00,0:00
996,1111111,13:00,22:00
997,1111111,11:00,23:00
998,1111111,14:00,22:00
999,1111111,10:00,22:00
